310,5,310,KB체크(2*4*),0,0,KB체크별명(2*4*),0,0,0,1,-24000,none,0,0,1,0,none,7,2016-08-30 03:08:36
311,5,311,KEB하나,1,0,KEB하나별명,1,0,0,1,0,none,0,0,-1,0,none,5,2016-08-29 22:52:09
312,5,312,KEB하나(7*0*),1,0,KEB하나별명(7*0*),1,0,0,1,0,none,0,0,-1,0,none,4,2016-08-29 22:52:04
313,5,313,신한,1,0,신한별명,1,0,0,1,0,none,0,0,1,0,none,1,2016-07-08 01:03:44
320,5,320,신한,2,0,신한별명,2,0,0,1,0,none,0,0,1,0,none,1,2016-07-08 01:03:44
314,5,314,신한(1*6*),1,0,신한(1*6*)별명,1,0,0,1,-1015860,none,0,0,1,0,none,3,2016-08-29 22:47:27
319,5,319,신한(5444),2,0,신한(5444)별명,2,0,0,1,173453,none,0,0,1,0,none,3,2016-07-29 04:24:22
315,5,315,현금,3,0,현금별명,3,0,0,1,0,none,0,0,1,0,none,1,2016-07-08 01:03:44
316,5,317,현대,1,0,현대M3별명,1,0,0,1,-33036,none,0,0,1,0,none,6,2016-08-29 22:52:22
318,5,317,현대M3,0,0,현대M3별명,1,0,0,1,-17000,none,0,0,1,0,none,6,2016-08-29 22:52:22
317,5,317,현대M3,1,0,현대M3별명,1,0,0,1,-33162024,none,0,0,1,0,none,6,2016-08-29 22:52:22
